<?xml version="1.0"?>
<pagescount>
	<html_total>2</html_total>
	<html_done>1</html_done>
	<images>1</images>
	<script/>
	<css>5</css>
	<pdf/>
	<documents/>
	<excel/>
	<powerpoint/>
	<flash/>
	<audios/>
	<videos/>
	<xml/>
	<json/>
	<txt/>
	<autocad/>
	<fonts>12</fonts>
	<scraping_reload>1</scraping_reload>
	<is_pretty_url>false</is_pretty_url>
	<is_ebn>false</is_ebn>
	<email>dana.best.programmer@gmail.com</email>
	<theme_name>WmdTheme793484</theme_name>
	<server_url_front_page>https://www6.waybackmachinedownloader.com/wdo/files/demo/pembukaan-akundana-id.vercel.app_dana.best.programmer_gmail.com_79rk5janer/</server_url_front_page>
	<no_www_url>pembukaan-akundana-id.vercel.app</no_www_url>
	<hosted_domain/>
	<original_archive_url>https://pembukaan-akundana-id.vercel.app/</original_archive_url>
	<final_archive_url>https://pembukaan-akundana-id.vercel.app/</final_archive_url>
	<front_page_code_date/>
	<total_urls_from_api/>
	<max_reached_live>false</max_reached_live>
	<scrape_other_captures>false</scrape_other_captures>
	<total_size>8</total_size>
</pagescount>
